"","stem","positive","negative","uncertainty","litigious"
"1","abandon",0,1,0,0
"2","abdic",0,1,0,0
"3","aberr",0,1,0,0
"4","abet",0,1,0,0
"5","abey",0,0,1,0
"6","abl",1,0,0,0
"7","abnorm",0,1,0,0
"8","abolish",0,1,0,0
"9","abovement",0,0,0,1
"10","abrog",0,1,0,1
"11","abrupt",0,1,0,0
"12","abruptli",0,1,0,0
"13","absenc",0,1,0,0
"14","absente",0,1,0,0
"15","absolv",0,0,0,1
"16","abund",1,0,0,0
"17","abus",0,1,0,0
"18","access",0,0,0,1
"19","accid",0,1,0,0
"20","accident",0,1,0,0
"21","acclaim",1,0,0,0
"22","accomplish",1,0,0,0
"23","accus",0,1,0,0
"24","achiev",1,0,0,0
"25","acquiesc",0,1,0,0
"26","acquire",0,0,0,1
"27","acquiror",0,0,0,1
"28","acquit",0,1,0,1
"29","acquitt",0,1,0,1
"30","addendum",0,0,0,1
"31","adequ",1,0,0,0
"32","adjourn",0,0,0,1
"33","adjud",0,0,0,1
"34","adjudg",0,0,0,1
"35","adjudicatori",0,0,0,1
"36","admiss",0,0,0,1
"37","admissibli",0,0,0,1
"38","adulter",0,1,0,0
"39","advanc",1,0,0,0
"40","advantag",1,0,0,0
"41","advers",0,1,0,0
"42","adversari",0,1,0,0
"43","affidavit",0,0,0,1
"44","affirm",0,0,0,1
"45","affreight",0,0,0,1
"46","aforedescrib",0,0,0,1
"47","aforement",0,0,0,1
"48","aforesaid",0,0,0,1
"49","aforest",0,0,0,1
"50","aftermath",0,1,0,0
"51","against",0,1,0,0
"52","aggrav",0,1,0,0
"53","aggriev",0,0,0,1
"54","alert",0,1,0,0
"55","alien",0,1,0,0
"56","alleg",0,1,0,1
"57","allegedli",0,1,0,1
"58","allianc",1,0,0,0
"59","almost",0,0,1,0
"60","alter",0,0,1,0
"61","ambigu",0,0,1,0
"62","amend",0,0,0,1
"63","amendatori",0,0,0,1
"64","annoi",0,1,0,0
"65","annoy",0,1,0,0
"66","annul",0,1,0,0
"67","anomal",0,1,1,0
"68","anomali",0,1,1,0
"69","anteced",0,0,0,1
"70","anticip",0,0,1,0
"71","anticompetit",0,1,0,0
"72","anticorrupt",0,0,0,1
"73","antitrust",0,1,0,1
"74","anywis",0,0,0,1
"75","appar",0,0,1,0
"76","appeal",0,0,0,1
"77","appear",0,0,1,0
"78","appel",0,0,0,1
"79","appelle",0,0,0,1
"80","appointor",0,0,0,1
"81","approxim",0,0,1,0
"82","appurten",0,0,0,1
"83","arbitr",0,0,0,1
"84","arbitrari",0,0,1,0
"85","arbitrarili",0,0,1,0
"86","argu",0,1,0,0
"87","argument",0,1,0,0
"88","arrear",0,1,0,0
"89","arrearag",0,1,0,1
"90","arrest",0,1,0,0
"91","artifici",0,1,0,0
"92","ascend",0,0,0,1
"93","assault",0,1,0,0
"94","assert",0,1,0,1
"95","assign",0,0,0,1
"96","assum",0,0,1,1
"97","assumpt",0,0,1,0
"98","assur",1,0,0,0
"99","attain",1,0,0,0
"100","attest",0,0,0,1
"101","attorn",0,0,0,1
"102","attornei",0,0,0,1
"103","attract",1,0,0,0
"104","attrit",0,1,0,0
"105","avers",0,1,0,0
"106","backdat",0,1,0,0
"107","bad",0,1,0,0
"108","bail",0,1,0,1
"109","baile",0,0,0,1
"110","bailiff",0,0,0,1
"111","bailment",0,0,0,1
"112","bailout",0,1,0,0
"113","balk",0,1,0,0
"114","ban",0,1,0,0
"115","bankrupt",0,1,0,0
"116","bankruptci",0,1,0,0
"117","bar",0,1,0,0
"118","barrier",0,1,0,0
"119","beauti",1,0,0,0
"120","beautifulli",1,0,0,0
"121","believ",0,0,1,0
"122","benefici",1,0,0,1
"123","benefit",1,0,0,0
"124","best",1,0,0,0
"125","better",1,0,0,0
"126","bolster",1,0,0,0
"127","bona",0,0,0,1
"128","bonafid",0,0,0,1
"129","boom",1,0,0,0
"130","boost",1,0,0,0
"131","bottleneck",0,1,0,0
"132","boycot",0,1,0,0
"133","boycott",0,1,0,0
"134","breach",0,1,0,1
"135","break",0,1,0,0
"136","breakag",0,1,0,0
"137","breakdown",0,1,0,0
"138","breakthrough",1,0,0,0
"139","bribe",0,1,0,0
"140","briberi",0,1,0,0
"141","bridg",0,1,0,0
"142","brilliant",1,0,0,0
"143","broken",0,1,0,0
"144","burden",0,1,0,0
"145","burdensom",0,1,0,0
"146","burn",0,1,0,0
"147","calam",0,1,0,0
"148","calamit",0,1,0,0
"149","cancel",0,1,0,0
"150","careless",0,1,0,0
"151","carelessli",0,1,0,0
"152","catastroph",0,1,0,0
"153","caution",0,1,0,0
"154","cautionari",0,1,0,0
"155","cautiou",0,0,1,0
"156","cautious",0,0,1,0
"157","ceas",0,1,0,0
"158","cedant",0,0,0,1
"159","censur",0,1,0,0
"160","certiorari",0,0,0,1
"161","cession",0,0,0,1
"162","challeng",0,1,0,0
"163","chargeoff",0,1,0,0
"164","charit",1,0,0,0
"165","chattel",0,0,0,1
"166","choat",0,0,0,1
"167","circumv",0,1,0,0
"168","circumvent",0,1,0,0
"169","claim",0,1,0,1
"170","claimabl",0,0,0,1
"171","claimant",0,0,0,1
"172","claimhold",0,0,0,1
"173","clarif",0,0,1,0
"174","clawback",0,1,0,1
"175","close",0,1,0,0
"176","closeout",0,1,0,0
"177","closur",0,1,0,0
"178","codefend",0,0,0,1
"179","codicil",0,0,0,1
"180","codif",0,0,0,1
"181","codifi",0,0,0,1
"182","coerc",0,1,0,0
"183","coercion",0,1,0,0
"184","coerciv",0,1,0,0
"185","collabor",1,0,0,0
"186","collaps",0,1,0,0
"187","collis",0,1,0,0
"188","collud",0,1,0,0
"189","collus",0,1,0,1
"190","compensatori",0,0,0,1
"191","complain",0,1,0,1
"192","complaint",0,1,0,0
"193","complic",0,1,0,0
"194","compliment",1,0,0,0
"195","complimentari",1,0,0,0
"196","compuls",0,1,0,0
"197","conceal",0,1,0,0
"198","conced",0,1,0,0
"199","conceiv",0,0,1,0
"200","concern",0,1,0,0
"201","concili",0,1,0,0
"202","conclus",1,0,0,0
"203","condemn",0,1,0,0
"204","condemnor",0,0,0,1
"205","condit",0,0,1,0
"206","condition",0,0,1,0
"207","condon",0,1,0,0
"208","conduc",1,0,0,0
"209","confess",0,1,0,0
"210","confid",1,0,0,0
"211","confin",0,1,0,0
"212","confisc",0,1,0,0
"213","confiscatori",0,0,0,1
"214","conflict",0,1,0,0
"215","confront",0,1,0,0
"216","confus",0,1,1,0
"217","confusingli",0,1,1,0
"218","consent",0,0,0,1
"219","conservatorship",0,0,0,1
"220","conspir",0,1,0,0
"221","conspiraci",0,1,0,0
"222","conspiratori",0,1,0,0
"223","constitut",0,0,0,1
"224","constitution",0,0,0,1
"225","constru",0,0,0,1
"226","construct",1,0,0,0
"227","contempt",0,1,0,0
"228","contend",0,1,0,0
"229","content",0,1,0,0
"230","contenti",0,1,0,0
"231","contest",0,1,0,1
"232","conting",0,0,1,0
"233","contract",0,1,0,1
"234","contracthold",0,0,0,1
"235","contractil",0,0,0,1
"236","contractu",0,0,0,1
"237","contradict",0,1,0,0
"238","contradictori",0,1,0,0
"239","contrari",0,1,0,0
"240","contraven",0,0,0,1
"241","contravent",0,0,0,1
"242","controversi",0,1,0,0
"243","controvert",0,0,0,1
"244","convenien",0,0,0,1
"245","convey",0,0,0,1
"246","convict",0,1,0,1
"247","correct",0,1,0,0
"248","corrupt",0,1,0,0
"249","corruptli",0,1,0,0
"250","costli",0,1,0,0
"251","cotermin",0,0,0,1
"252","could",0,0,1,0
"253","counsel",0,0,0,1
"254","counterclaim",0,1,0,0
"255","counterfeit",0,1,0,0
"256","countermeasur",0,1,0,0
"257","countersignor",0,0,0,1
"258","countersu",0,0,0,1
"259","countersuit",0,0,0,1
"260","court",0,0,0,1
"261","courteou",1,0,0,0
"262","courtroom",0,0,0,1
"263","creativ",1,0,0,0
"264","crime",0,1,0,1
"265","crimin",0,1,0,1
"266","crise",0,1,0,0
"267","crisi",0,1,0,0
"268","critic",0,1,0,0
"269","crossclaim",0,0,0,1
"270","crossroad",0,0,1,0
"271","crucial",0,1,0,0
"272","culpabl",0,1,0,0
"273","cumbersom",0,1,0,0
"274","curtail",0,1,0,0
"275","cut",0,1,0,0
"276","cutback",0,1,0,0
"277","cyberattack",0,1,0,0
"278","cyberbulli",0,1,0,0
"279","cybercrim",0,1,0,0
"280","cybercrimin",0,1,0,0
"281","damag",0,1,0,0
"282","dampen",0,1,0,0
"283","danger",0,1,0,0
"284","deadlock",0,1,0,0
"285","deadweight",0,1,0,0
"286","debar",0,1,0,0
"287","deceas",0,1,0,0
"288","deced",0,0,0,1
"289","deceit",0,1,0,0
"290","deceiv",0,1,0,0
"291","decept",0,1,0,0
"292","declar",0,0,0,1
"293","declin",0,1,0,0
"294","decre",0,0,0,1
"295","defac",0,1,0,0
"296","defalc",0,0,0,1
"297","defam",0,1,0,0
"298","defamatori",0,1,0,0
"299","default",0,1,0,0
"300","defeas",0,0,0,1
"301","defeat",0,1,0,0
"302","defect",0,1,0,1
"303","defend",0,1,0,1
"304","defens",0,1,0,0
"305","defer",0,1,0,1
"306","defici",0,1,0,0
"307","deficit",0,1,0,0
"308","defraud",0,1,0,0
"309","defunct",0,1,0,0
"310","degrad",0,1,0,0
"311","delai",0,1,0,0
"312","deleg",0,0,0,1
"313","delegat",0,0,0,1
"314","delegate",0,0,0,1
"315","delege",0,0,0,1
"316","deleteri",0,1,0,0
"317","deliber",0,1,0,0
"318","delight",1,0,0,0
"319","delightfulli",1,0,0,0
"320","delinqu",0,1,0,0
"321","delist",0,1,0,0
"322","demis",0,1,0,0
"323","demolish",0,1,0,0
"324","demolit",0,1,0,0
"325","demot",0,1,0,0
"326","demur",0,0,0,1
"327","demurr",0,0,0,1
"328","deni",0,1,0,0
"329","denial",0,1,0,0
"330","denigr",0,1,0,0
"331","depend",1,0,1,0
"332","deplet",0,1,0,0
"333","depos",0,0,0,1
"334","deposit",0,0,0,1
"335","deprec",0,1,0,0
"336","depress",0,1,0,0
"337","depriv",0,1,0,0
"338","derelict",0,1,0,0
"339","derog",0,0,0,1
"340","derogatori",0,1,0,0
"341","design",0,0,0,1
"342","desir",1,0,0,0
"343","desist",0,0,0,1
"344","despit",1,0,0,0
"345","destabil",0,1,1,0
"346","destin",1,0,0,0
"347","destroi",0,1,0,0
"348","destruct",0,1,0,0
"349","detain",0,1,0,1
"350","detent",0,1,0,0
"351","deter",0,1,0,0
"352","deterior",0,1,0,0
"353","deterr",0,1,0,0
"354","detract",0,1,0,0
"355","detriment",0,1,0,0
"356","devalu",0,1,0,0
"357","devast",0,1,0,0
"358","deviat",0,1,1,0
"359","devise",0,0,0,1
"360","devolv",0,1,0,0
"361","differ",0,0,1,0
"362","difficult",0,1,0,0
"363","difficulti",0,1,0,0
"364","difficultli",0,1,0,0
"365","dilig",1,0,0,0
"366","diminish",0,1,0,0
"367","diminut",0,1,0,0
"368","disadvantag",0,1,0,0
"369","disaffili",0,1,0,1
"370","disaffirm",0,0,0,1
"371","disagr",0,1,0,0
"372","disagre",0,1,0,0
"373","disallow",0,1,0,0
"374","disappear",0,1,0,0
"375","disappoint",0,1,0,0
"376","disappointingli",0,1,0,0
"377","disapprov",0,1,0,0
"378","disassoci",0,1,0,0
"379","disast",0,1,0,0
"380","disastr",0,1,0,0
"381","disavow",0,1,0,0
"382","disciplinari",0,1,0,0
"383","disclaim",0,1,0,0
"384","disclos",0,1,0,0
"385","discontinu",0,1,0,0
"386","discourag",0,1,0,0
"387","discredit",0,1,0,0
"388","discrep",0,1,0,0
"389","disfavor",0,1,0,0
"390","disgorg",0,1,0,0
"391","disgrac",0,1,0,0
"392","disgracefulli",0,1,0,0
"393","dishonest",0,1,0,0
"394","dishonesti",0,1,0,0
"395","dishonestli",0,1,0,0
"396","dishonor",0,1,0,0
"397","disincent",0,1,0,0
"398","disinterest",0,1,0,0
"399","disinterested",0,1,0,0
"400","disinterestedli",0,1,0,0
"401","disloy",0,1,0,0
"402","disloyalti",0,1,0,0
"403","dismal",0,1,0,0
"404","dismiss",0,1,0,0
"405","disorderli",0,1,0,0
"406","dispar",0,1,0,0
"407","disparag",0,1,0,0
"408","disparagingli",0,1,0,0
"409","displac",0,1,0,0
"410","dispos",0,1,0,0
"411","disposit",0,0,0,1
"412","dispossess",0,1,0,1
"413","dispossessori",0,0,0,1
"414","disproport",0,1,0,0
"415","disproportion",0,1,0,0
"416","disput",0,1,0,0
"417","disqualif",0,1,0,0
"418","disqualifi",0,1,0,0
"419","disregard",0,1,0,0
"420","disreput",0,1,0,0
"421","disrupt",0,1,0,0
"422","dissatisfact",0,1,0,0
"423","dissatisfi",0,1,0,0
"424","dissent",0,1,0,0
"425","dissid",0,1,0,0
"426","dissolut",0,1,0,0
"427","distinct",1,0,0,0
"428","distort",0,1,0,0
"429","distract",0,1,0,0
"430","distraint",0,0,0,1
"431","distress",0,1,0,0
"432","distribute",0,0,0,1
"433","disturb",0,1,0,0
"434","divers",0,1,0,0
"435","divert",0,1,0,0
"436","divest",0,1,0,0
"437","divestitur",0,1,0,0
"438","divorc",0,1,0,0
"439","divulg",0,1,0,0
"440","docket",0,0,0,1
"441","done",0,0,0,1
"442","doubt",0,1,1,0
"443","downgrad",0,1,0,0
"444","downsiz",0,1,0,0
"445","downtim",0,1,0,0
"446","downturn",0,1,0,0
"447","downward",0,1,0,0
"448","drag",0,1,0,0
"449","drastic",0,1,0,0
"450","drawback",0,1,0,0
"451","dream",1,0,0,0
"452","drop",0,1,0,0
"453","drought",0,1,0,0
"454","duli",0,0,0,1
"455","duress",0,1,0,0
"456","dysfunct",0,1,0,0
"457","eas",0,1,0,0
"458","easi",1,0,0,0
"459","easier",1,0,0,0
"460","easili",1,0,0,0
"461","effect",1,0,0,0
"462","effici",1,0,0,0
"463","egregi",0,1,0,0
"464","eject",0,0,0,1
"465","embargo",0,1,0,0
"466","embarrass",0,1,0,0
"467","embezzl",0,1,0,0
"468","empow",1,0,0,0
"469","enabl",1,0,0,0
"470","encourag",1,0,0,0
"471","encroach",0,1,0,0
"472","encumb",0,1,0,1
"473","encumbr",0,1,0,1
"474","encumbranc",0,0,0,1
"475","endang",0,1,0,0
"476","endanger",0,1,0,0
"477","endorse",0,0,0,1
"478","enforc",0,0,0,1
"479","enhanc",1,0,0,0
"480","enjoi",1,0,0,0
"481","enjoin",0,1,0,0
"482","enjoy",1,0,0,0
"483","enthusiasm",1,0,0,0
"484","enthusiast",1,0,0,0
"485","er",0,1,0,0
"486","erod",0,1,0,0
"487","eros",0,1,0,0
"488","err",0,1,0,0
"489","errat",0,1,0,0
"490","erron",0,1,0,0
"491","error",0,1,0,0
"492","escal",0,1,0,0
"493","escheat",0,0,0,1
"494","escrow",0,0,0,1
"495","estoppel",0,0,0,1
"496","evad",0,1,0,0
"497","evas",0,1,0,0
"498","evict",0,1,0,0
"499","evidenti",0,0,0,1
"500","evidentiari",0,0,0,1
"501","exacerb",0,1,0,0
"502","exagger",0,1,0,0
"503","exceed",0,0,0,1
"504","excel",1,0,0,0
"505","except",1,0,0,0
"506","exception",1,0,0,0
"507","excess",0,1,0,0
"508","excis",0,0,0,1
"509","excit",1,0,0,0
"510","exclus",1,0,0,0
"511","exculp",0,1,0,1
"512","exculpatori",0,1,0,1
"513","executor",0,0,0,1
"514","executori",0,0,0,1
"515","executric",0,0,0,1
"516","executrix",0,0,0,1
"517","exemplari",1,0,0,0
"518","exoner",0,1,0,0
"519","exploit",0,1,0,0
"520","expos",0,1,0,0
"521","exposur",0,0,1,0
"522","expropri",0,1,0,0
"523","expuls",0,1,0,0
"524","extenu",0,1,0,0
"525","extracontractu",0,0,0,1
"526","extracorpor",0,0,0,1
"527","extrajudici",0,0,0,1
"528","faci",0,0,0,1
"529","facto",0,0,0,1
"530","fail",0,1,0,0
"531","failur",0,1,0,0
"532","fallout",0,1,0,0
"533","fals",0,1,0,0
"534","falsif",0,1,0,0
"535","falsifi",0,1,0,0
"536","falsiti",0,1,0,0
"537","fantast",1,0,0,0
"538","fatal",0,1,0,0
"539","fault",0,1,0,0
"540","faulti",0,1,0,0
"541","favor",1,0,0,0
"542","favorit",1,0,0,0
"543","fear",0,1,0,0
"544","feloni",0,1,0,1
"545","fictiti",0,1,0,0
"546","fide",0,0,0,1
"547","fine",0,1,0,0
"548","fire",0,1,0,0
"549","flaw",0,1,0,0
"550","fluctuat",0,0,1,0
"551","forbad",0,0,0,1
"552","forbear",0,0,0,1
"553","forbid",0,1,0,0
"554","forbidden",0,1,0,0
"555","forc",0,1,0,0
"556","forebear",0,0,0,1
"557","foreclos",0,1,0,0
"558","foreclosur",0,1,0,0
"559","forego",0,1,0,0
"560","foregon",0,1,0,0
"561","forestal",0,1,0,0
"562","forfeit",0,1,0,1
"563","forfeitur",0,1,0,0
"564","forger",0,1,0,0
"565","forgeri",0,1,0,0
"566","forthwith",0,0,0,1
"567","forwhich",0,0,0,1
"568","fraud",0,1,0,0
"569","fraudul",0,1,0,0
"570","friendli",1,0,0,0
"571","frivol",0,1,0,0
"572","frustrat",0,1,0,0
"573","frustratingli",0,1,0,0
"574","fugit",0,1,0,1
"575","further",0,0,0,1
"576","gain",1,0,0,0
"577","good",1,0,0,0
"578","grantor",0,0,0,1
"579","gratuit",0,1,0,0
"580","great",1,0,0,0
"581","greater",1,0,0,0
"582","greatest",1,0,0,0
"583","greatli",1,0,0,0
"584","grievanc",0,1,0,0
"585","grossli",0,1,0,0
"586","groundless",0,1,0,0
"587","guilti",0,1,0,0
"588","halt",0,1,0,0
"589","hamper",0,1,0,0
"590","happi",1,0,0,0
"591","happiest",1,0,0,0
"592","happili",1,0,0,0
"593","harass",0,1,0,0
"594","hardship",0,1,0,0
"595","harm",0,1,0,0
"596","harmfulli",0,1,0,0
"597","harsh",0,1,0,0
"598","harsher",0,1,0,0
"599","harshest",0,1,0,0
"600","harshli",0,1,0,0
"601","hazard",0,1,0,0
"602","henceforth",0,0,0,1
"603","henceforward",0,0,0,1
"604","hereaft",0,0,0,1
"605","herebi",0,0,0,1
"606","heredita",0,0,0,1
"607","herefor",0,0,0,1
"608","herefrom",0,0,0,1
"609","herein",0,0,0,1
"610","hereinabov",0,0,0,1
"611","hereinaft",0,0,0,1
"612","hereinbefor",0,0,0,1
"613","hereinbelow",0,0,0,1
"614","hereof",0,0,0,1
"615","hereon",0,0,0,1
"616","hereto",0,0,0,1
"617","heretofor",0,0,0,1
"618","hereund",0,0,0,1
"619","hereunto",0,0,0,1
"620","hereupon",0,0,0,1
"621","herewith",0,0,0,1
"622","herewithin",0,0,0,1
"623","hidden",0,0,1,0
"624","highest",1,0,0,0
"625","hinder",0,1,0,0
"626","hindranc",0,1,0,0
"627","hing",0,0,1,0
"628","honor",1,0,0,0
"629","hostil",0,1,0,0
"630","hurt",0,1,0,0
"631","ideal",1,0,0,0
"632","idl",0,1,0,0
"633","ignor",0,1,0,0
"634","ill",0,1,0,0
"635","illeg",0,1,0,0
"636","illicit",0,1,0,0
"637","illicitli",0,1,0,0
"638","illiquid",0,1,0,0
"639","imbal",0,1,0,0
"640","immateri",0,0,0,1
"641","immatur",0,1,0,0
"642","immor",0,1,0,0
"643","impair",0,1,0,0
"644","impass",0,1,0,0
"645","imped",0,1,0,0
"646","impedi",0,1,0,0
"647","impend",0,1,0,0
"648","imper",0,1,0,0
"649","imperfect",0,1,0,0
"650","imperil",0,1,0,0
"651","impermiss",0,1,0,0
"652","implead",0,0,0,1
"653","implic",0,1,0,0
"654","imposs",0,1,0,0
"655","impound",0,1,0,0
"656","impract",0,1,0,0
"657","impractic",0,1,0,0
"658","imprecis",0,0,1,0
"659","impress",1,0,0,0
"660","imprison",0,1,0,0
"661","improb",0,0,1,0
"662","improp",0,1,0,0
"663","improperli",0,1,0,0
"664","improprieti",0,1,0,0
"665","improv",1,0,0,0
"666","imprud",0,1,0,0
"667","inabl",0,1,0,0
"668","inaccess",0,1,0,0
"669","inaccur",0,1,0,0
"670","inaccuraci",0,1,0,0
"671","inact",0,1,0,0
"672","inactiv",0,1,0,0
"673","inadequ",0,1,0,0
"674","inadequaci",0,1,0,0
"675","inadvert",0,1,0,0
"676","inadvis",0,1,0,0
"677","inappropri",0,1,0,0
"678","inasmuch",0,0,0,1
"679","inattent",0,1,0,0
"680","incap",0,1,0,0
"681","incapac",0,1,0,1
"682","incapacit",0,1,0,0
"683","incarcer",0,1,0,1
"684","inchoat",0,0,0,1
"685","incid",0,1,0,0
"686","incompat",0,1,0,0
"687","incompet",0,1,0,0
"688","incomplet",0,1,1,0
"689","inconclus",0,1,0,0
"690","inconsist",0,1,0,0
"691","incontest",0,0,0,1
"692","inconveni",0,1,0,0
"693","incorrect",0,1,0,0
"694","incorrectli",0,1,0,0
"695","incred",1,0,0,0
"696","incredibli",1,0,0,0
"697","indec",0,1,0,0
"698","indefeas",0,1,0,0
"699","indefeasibli",0,1,0,0
"700","indefinit",0,0,1,0
"701","indemn",0,0,0,1
"702","indemnif",0,0,0,1
"703","indemnifi",0,0,0,1
"704","indemnite",0,0,0,1
"705","indemnitor",0,0,0,1
"706","indetermin",0,0,1,0
"707","indict",0,1,0,1
"708","indorse",0,0,0,1
"709","ineffect",0,1,0,0
"710","ineffici",0,1,0,0
"711","inelig",0,1,0,0
"712","inequ",0,1,0,0
"713","inequit",0,1,0,0
"714","inevit",0,1,0,0
"715","inexact",0,0,1,0
"716","inexperi",0,1,0,0
"717","inexperienc",0,1,0,0
"718","inferior",0,1,0,0
"719","inflict",0,1,0,0
"720","influenti",1,0,0,0
"721","inforc",0,0,0,1
"722","inform",1,0,0,0
"723","infract",0,1,0,1
"724","infring",0,1,0,1
"725","ingenu",1,0,0,0
"726","inhibit",0,1,0,0
"727","inim",0,1,0,0
"728","injunct",0,1,0,1
"729","injur",0,1,0,0
"730","injuri",0,1,0,0
"731","innov",1,0,0,0
"732","inordin",0,1,0,0
"733","inquiri",0,1,0,0
"734","insecur",0,1,0,0
"735","insensit",0,1,0,0
"736","insight",1,0,0,0
"737","insofar",0,0,0,1
"738","insolv",0,1,0,0
"739","inspir",1,0,0,0
"740","instabl",0,1,1,0
"741","insubordin",0,1,0,0
"742","insuffici",0,1,0,0
"743","insurrect",0,1,0,0
"744","intang",0,0,1,0
"745","integr",1,0,0,0
"746","intent",0,1,0,0
"747","interf",0,1,0,0
"748","interfer",0,1,0,0
"749","interlocutori",0,0,0,1
"750","intermitt",0,1,0,0
"751","interplead",0,0,0,1
"752","interpos",0,0,0,1
"753","interposit",0,0,0,1
"754","interrog",0,0,0,1
"755","interrogatori",0,0,0,1
"756","interrupt",0,1,0,0
"757","intest",0,0,0,1
"758","intestaci",0,0,0,1
"759","intimid",0,1,0,0
"760","intrus",0,1,0,0
"761","invalid",0,1,0,0
"762","invent",1,0,0,0
"763","inventor",1,0,0,0
"764","investig",0,1,0,0
"765","involuntari",0,1,0,0
"766","involuntarili",0,1,0,0
"767","irreconcil",0,1,0,0
"768","irrecover",0,1,0,0
"769","irregular",0,1,0,0
"770","irregularli",0,1,0,0
"771","irrepar",0,1,0,0
"772","irrevers",0,1,0,0
"773","irrevoc",0,0,0,1
"774","jeopard",0,1,0,0
"775","joinder",0,0,0,1
"776","judici",0,0,0,1
"777","judiciari",0,0,0,1
"778","juri",0,0,0,1
"779","jurisdict",0,0,0,1
"780","jurisdiction",0,0,0,1
"781","jurisprud",0,0,0,1
"782","jurist",0,0,0,1
"783","juror",0,0,0,1
"784","juryman",0,0,0,1
"785","justic",0,0,0,1
"786","justifi",0,1,0,0
"787","kickback",0,1,0,0
"788","knowingli",0,1,0,0
"789","lack",0,1,0,0
"790","lacklust",0,1,0,0
"791","lag",0,1,0,0
"792","laps",0,1,0,0
"793","late",0,1,0,0
"794","launder",0,1,0,0
"795","law",0,0,0,1
"796","lawfulli",0,0,0,1
"797","lawmak",0,0,0,1
"798","lawsuit",0,0,0,1
"799","lawyer",0,0,0,1
"800","layoff",0,1,0,0
"801","lead",1,0,0,0
"802","leadership",1,0,0,0
"803","legal",0,0,0,1
"804","legales",0,0,0,1
"805","legate",0,0,0,1
"806","legisl",0,0,0,1
"807","legislatur",0,0,0,1
"808","libel",0,0,0,1
"809","licens",0,0,0,1
"810","lie",0,1,0,0
"811","lienhold",0,0,0,1
"812","likelihood",0,0,1,0
"813","limit",0,1,0,0
"814","linger",0,1,0,0
"815","liquid",0,1,0,0
"816","litig",0,1,0,1
"817","litigi",0,0,0,1
"818","lockout",0,1,0,0
"819","lose",0,1,0,0
"820","loss",0,1,0,0
"821","lost",0,1,0,0
"822","loyal",1,0,0,0
"823","lucr",1,0,0,0
"824","ly",0,1,0,0
"825","mai",0,0,1,0
"826","majeur",0,0,0,1
"827","malfeas",0,1,0,0
"828","malfunct",0,1,0,0
"829","malic",0,1,0,0
"830","malici",0,1,0,0
"831","malpractic",0,1,0,0
"832","mandamu",0,0,0,1
"833","manipul",0,1,0,0
"834","markdown",0,1,0,0
"835","mayb",0,0,1,0
"836","mediat",0,0,0,1
"837","meritori",1,0,0,0
"838","might",0,0,1,0
"839","misappl",0,1,0,0
"840","misappli",0,1,0,0
"841","misappropri",0,1,0,0
"842","misbrand",0,1,0,0
"843","miscalcul",0,1,0,0
"844","mischaracter",0,1,0,0
"845","mischief",0,1,0,0
"846","misclassif",0,1,0,0
"847","misclassifi",0,1,0,0
"848","miscommun",0,1,0,0
"849","misconduct",0,1,0,0
"850","misdat",0,1,0,0
"851","misdemeanor",0,1,0,1
"852","misdirect",0,1,0,0
"853","misfeas",0,0,0,1
"854","mishandl",0,1,0,0
"855","misinform",0,1,0,0
"856","misinterpret",0,1,0,0
"857","misjudg",0,1,0,0
"858","misl",0,1,0,0
"859","mislabel",0,1,0,0
"860","mislead",0,1,0,0
"861","misleadingli",0,1,0,0
"862","mismanag",0,1,0,0
"863","mismatch",0,1,0,0
"864","misplac",0,1,0,0
"865","mispric",0,1,0,0
"866","misrepres",0,1,0,0
"867","misrepresent",0,1,0,0
"868","miss",0,1,0,0
"869","misstat",0,1,0,0
"870","misstep",0,1,0,0
"871","mistak",0,1,0,0
"872","mistaken",0,1,0,0
"873","mistakenli",0,1,0,0
"874","mistrial",0,1,0,1
"875","misunderstand",0,1,0,0
"876","misunderstood",0,1,0,0
"877","misus",0,1,0,0
"878","monopol",0,1,0,0
"879","monopoli",0,1,0,0
"880","monopolist",0,1,0,0
"881","moratoria",0,1,0,0
"882","moratorium",0,1,0,0
"883","moreov",0,0,0,1
"884","mothbal",0,1,0,0
"885","motion",0,0,0,1
"886","mutandi",0,0,0,1
"887","nearli",0,0,1,0
"888","neg",0,1,0,0
"889","neglect",0,1,0,0
"890","neglig",0,1,0,0
"891","nolo",0,0,0,1
"892","nonappeal",0,0,0,1
"893","nonassess",0,0,1,0
"894","nonattain",0,1,0,0
"895","nonbreach",0,0,0,1
"896","noncompetit",0,1,0,0
"897","noncompli",0,1,0,0
"898","nonconform",0,1,0,0
"899","nonconting",0,0,0,1
"900","noncontract",0,0,0,1
"901","noncontractu",0,0,0,1
"902","noncontributori",0,0,0,1
"903","nondisclosur",0,1,0,0
"904","nonfeas",0,0,0,1
"905","nonfiduciari",0,0,0,1
"906","nonforfeit",0,0,0,1
"907","nonforfeitur",0,0,0,1
"908","nonfunct",0,1,0,0
"909","nonguarantor",0,0,0,1
"910","noninfring",0,0,0,1
"911","nonjudici",0,0,0,1
"912","nonjurisdict",0,0,0,1
"913","nonpay",0,1,0,0
"914","nonperform",0,1,0,0
"915","nonproduc",0,1,0,0
"916","nonproduct",0,1,0,0
"917","nonrecover",0,1,0,0
"918","nonrenew",0,1,0,0
"919","nonsever",0,0,0,1
"920","nontermin",0,0,0,1
"921","nonusuri",0,0,0,1
"922","notar",0,0,0,1
"923","notari",0,0,0,1
"924","notwithstand",0,0,0,1
"925","novo",0,0,0,1
"926","nuisanc",0,1,0,0
"927","nullif",0,1,0,1
"928","nullifi",0,1,0,1
"929","nulliti",0,0,0,1
"930","object",0,1,0,0
"931","objection",0,1,0,0
"932","oblige",0,0,0,1
"933","obligor",0,0,0,1
"934","obscen",0,1,0,0
"935","obsolesc",0,1,0,0
"936","obsolet",0,1,0,0
"937","obstacl",0,1,0,0
"938","obstruct",0,1,0,0
"939","occasion",0,0,1,0
"940","offenc",0,1,0,0
"941","offend",0,1,0,0
"942","offens",0,0,0,1
"943","offere",0,0,0,1
"944","offeror",0,0,0,1
"945","omiss",0,1,0,0
"946","omit",0,1,0,0
"947","oner",0,1,0,0
"948","opportun",1,0,0,0
"949","opportunist",0,1,0,0
"950","oppos",0,1,0,0
"951","opposit",0,1,0,0
"952","optimist",1,0,0,0
"953","optione",0,0,0,1
"954","ordinarili",0,0,1,0
"955","outag",0,1,0,0
"956","outdat",0,1,0,0
"957","outmod",0,1,0,0
"958","outperform",1,0,0,0
"959","overag",0,1,0,0
"960","overbuild",0,1,0,0
"961","overbuilt",0,1,0,0
"962","overburden",0,1,0,0
"963","overcapac",0,1,0,0
"964","overcharg",0,1,0,0
"965","overcom",0,1,0,0
"966","overdu",0,1,0,0
"967","overestim",0,1,0,0
"968","overload",0,1,0,0
"969","overlook",0,1,0,0
"970","overpaid",0,1,0,0
"971","overpay",0,1,0,0
"972","overproduc",0,1,0,0
"973","overproduct",0,1,0,0
"974","overrul",0,0,0,1
"975","overrun",0,1,0,0
"976","overshadow",0,1,0,0
"977","overst",0,1,0,0
"978","overstat",0,1,0,0
"979","oversuppli",0,1,0,0
"980","overtli",0,1,0,0
"981","overturn",0,1,0,0
"982","overvalu",0,1,0,0
"983","panic",0,1,0,0
"984","para",0,0,0,1
"985","pari",0,0,0,1
"986","passu",0,0,0,1
"987","patente",0,0,0,1
"988","pecuniarili",0,0,0,1
"989","penal",0,1,0,0
"990","penalti",0,1,0,0
"991","pend",0,0,1,0
"992","perfect",1,0,0,0
"993","perfectli",1,0,0,0
"994","perhap",0,0,1,0
"995","peril",0,1,0,0
"996","perjuri",0,1,0,1
"997","permitte",0,0,0,1
"998","perpetr",0,1,0,1
"999","persist",0,1,0,0
"1000","personam",0,0,0,1
"1001","pervas",0,1,0,0
"1002","petit",0,0,0,1
"1003","petition",0,0,0,1
"1004","petti",0,1,0,0
"1005","picket",0,1,0,0
"1006","plaintiff",0,1,0,1
"1007","plea",0,1,0,1
"1008","plead",0,1,0,1
"1009","pleas",1,0,0,0
"1010","pleasant",1,0,0,0
"1011","pleasantli",1,0,0,0
"1012","pleasur",1,0,0,0
"1013","pled",0,1,0,0
"1014","pledge",0,0,0,1
"1015","pledgor",0,0,0,1
"1016","plenti",1,0,0,0
"1017","poor",0,1,0,0
"1018","poorli",0,1,0,0
"1019","popular",1,0,0,0
"1020","pose",0,1,0,0
"1021","posit",1,0,0,0
"1022","possessori",0,0,0,1
"1023","possibl",0,0,1,0
"1024","possibli",0,0,1,0
"1025","postclos",0,0,0,1
"1026","postclosur",0,0,0,1
"1027","postcontract",0,0,0,1
"1028","postjudg",0,0,0,1
"1029","postpon",0,1,0,0
"1030","preamend",0,0,0,1
"1031","precaut",0,0,1,0
"1032","precautionari",0,0,1,0
"1033","precipit",0,1,0,0
"1034","preclud",0,1,0,0
"1035","predatori",0,1,0,0
"1036","predeceas",0,0,0,1
"1037","predict",0,0,1,0
"1038","predictor",0,0,1,0
"1039","preemin",1,0,0,0
"1040","prehear",0,0,0,1
"1041","prejud",0,1,0,1
"1042","prejudic",0,1,0,1
"1043","prejudici",0,1,0,1
"1044","preliminari",0,0,1,0
"1045","preliminarili",0,0,1,0
"1046","prematur",0,1,0,0
"1047","premier",1,0,0,0
"1048","prepetit",0,0,0,1
"1049","press",0,1,0,0
"1050","prestig",1,0,0,0
"1051","prestigi",1,0,0,0
"1052","presum",0,0,1,0
"1053","presumpt",0,0,1,1
"1054","pretrial",0,1,0,1
"1055","prevent",0,1,0,0
"1056","prima",0,0,0,1
"1057","priviti",0,0,0,1
"1058","proactiv",1,0,0,0
"1059","probabilist",0,0,1,0
"1060","probabl",0,0,1,0
"1061","probat",0,0,0,1
"1062","probation",0,0,0,1
"1063","probationari",0,0,0,1
"1064","problem",0,1,0,0
"1065","problemat",0,1,0,0
"1066","profici",1,0,0,0
"1067","profit",1,0,0,0
"1068","progress",1,0,0,0
"1069","prolong",0,1,0,0
"1070","promulg",0,0,0,1
"1071","prone",0,1,0,0
"1072","prorat",0,0,0,1
"1073","prorata",0,0,0,1
"1074","prosecut",0,1,0,1
"1075","prosecutor",0,0,0,1
"1076","prosecutori",0,0,0,1
"1077","prosper",1,0,0,0
"1078","protest",0,1,0,0
"1079","protestor",0,1,0,0
"1080","protract",0,1,0,0
"1081","proviso",0,0,0,1
"1082","provok",0,1,0,0
"1083","punish",0,1,0,1
"1084","punit",0,1,0,0
"1085","purport",0,1,0,0
"1086","purportedli",0,1,0,0
"1087","question",0,1,0,0
"1088","quit",0,1,0,0
"1089","quitclaim",0,0,0,1
"1090","racket",0,1,0,0
"1091","random",0,0,1,0
"1092","randomli",0,0,1,0
"1093","rata",0,0,0,1
"1094","ratabl",0,0,0,1
"1095","ration",0,1,0,0
"1096","reargument",0,0,0,1
"1097","reassess",0,1,1,0
"1098","reassign",0,1,0,0
"1099","rebound",1,0,0,0
"1100","rebut",0,0,0,1
"1101","rebutt",0,0,0,1
"1102","recal",0,1,0,0
"1103","recalcul",0,0,1,0
"1104","recept",1,0,0,0
"1105","recess",0,1,0,0
"1106","recessionari",0,1,0,0
"1107","reckless",0,1,0,0
"1108","recklessli",0,1,0,0
"1109","reconsid",0,0,1,0
"1110","record",0,0,0,1
"1111","recoup",0,0,0,1
"1112","recours",0,0,0,1
"1113","rectif",0,0,0,1
"1114","recus",0,0,0,1
"1115","redact",0,1,0,1
"1116","redefault",0,1,0,0
"1117","redress",0,1,0,0
"1118","reexamin",0,0,1,0
"1119","referenda",0,0,0,1
"1120","referendum",0,0,0,1
"1121","refil",0,0,0,1
"1122","refus",0,1,0,0
"1123","regain",1,0,0,0
"1124","regul",0,0,0,1
"1125","regulatori",0,0,0,1
"1126","rehear",0,0,0,1
"1127","reheard",0,0,0,1
"1128","reinterpret",0,0,1,0
"1129","reject",0,1,0,0
"1130","release",0,0,0,1
"1131","relinquish",0,1,0,0
"1132","reluct",0,1,0,0
"1133","remand",0,0,0,1
"1134","remedi",0,0,0,1
"1135","remis",0,0,0,1
"1136","renegoti",0,1,0,0
"1137","renounc",0,1,0,0
"1138","repar",0,1,0,0
"1139","repledg",0,0,0,1
"1140","replevin",0,0,0,1
"1141","repossess",0,1,0,0
"1142","repror",0,0,0,1
"1143","repudi",0,1,0,0
"1144","request",0,0,0,1
"1145","requestor",0,0,0,1
"1146","reregul",0,0,0,1
"1147","rescind",0,0,0,1
"1148","resciss",0,0,0,1
"1149","resign",0,1,0,0
"1150","resolv",1,0,0,0
"1151","restat",0,1,0,0
"1152","restitutionari",0,0,0,1
"1153","restructur",0,1,0,0
"1154","retali",0,1,0,0
"1155","retaliatori",0,1,0,0
"1156","retend",0,0,0,1
"1157","retribut",0,1,0,0
"1158","retroced",0,0,0,1
"1159","retrocessionair",0,0,0,1
"1160","revis",0,0,1,0
"1161","revoc",0,1,0,1
"1162","revok",0,1,0,0
"1163","revolution",1,0,0,0
"1164","reward",1,0,0,0
"1165","ridicul",0,1,0,0
"1166","risk",0,0,1,0
"1167","riski",0,1,1,0
"1168","riskier",0,1,1,0
"1169","riskiest",0,1,1,0
"1170","roughli",0,0,1,0
"1171","rule",0,0,0,1
"1172","rumor",0,0,1,0
"1173","sabotag",0,1,0,0
"1174","sacrif",0,1,0,0
"1175","sacrific",0,1,0,0
"1176","sacrifici",0,1,0,0
"1177","satisfact",1,0,0,0
"1178","satisfactori",1,0,0,0
"1179","satisfactorili",1,0,0,0
"1180","satisfi",1,0,0,0
"1181","scandal",0,1,0,0
"1182","scrutin",0,1,0,0
"1183","scrutini",0,1,0,0
"1184","secreci",0,1,0,0
"1185","seem",0,0,1,0
"1186","seiz",0,1,0,0
"1187","seldom",0,0,1,0
"1188","seldomli",0,0,1,0
"1189","sentenc",0,1,0,1
"1190","sequestr",0,0,0,1
"1191","seriou",0,1,0,0
"1192","serious",0,1,0,0
"1193","setback",0,1,0,0
"1194","settlement",0,0,0,1
"1195","sever",0,1,0,1
"1196","shall",0,0,0,1
"1197","sharpli",0,1,0,0
"1198","shock",0,1,0,0
"1199","shortag",0,1,0,0
"1200","shortfal",0,1,0,0
"1201","shrinkag",0,1,0,0
"1202","shut",0,1,0,0
"1203","shutdown",0,1,0,0
"1204","slander",0,1,0,0
"1205","slippag",0,1,0,0
"1206","slow",0,1,0,0
"1207","slowdown",0,1,0,0
"1208","slower",0,1,0,0
"1209","slowest",0,1,0,0
"1210","slowli",0,1,0,0
"1211","sluggish",0,1,0,0
"1212","sluggishli",0,1,0,0
"1213","smooth",1,0,0,0
"1214","smoothli",1,0,0,0
"1215","solv",1,0,0,0
"1216","solvenc",0,1,0,0
"1217","sometim",0,0,1,0
"1218","somewhat",0,0,1,0
"1219","somewher",0,0,1,0
"1220","spam",0,1,0,0
"1221","spammer",0,1,0,0
"1222","spectacular",1,0,0,0
"1223","spectacularli",1,0,0,0
"1224","specul",0,0,1,0
"1225","sporad",0,0,1,0
"1226","stabil",1,0,0,0
"1227","stabl",1,0,0,0
"1228","stagger",0,1,0,0
"1229","stagnant",0,1,0,0
"1230","stagnat",0,1,0,0
"1231","standstil",0,1,0,0
"1232","statut",0,0,0,1
"1233","statutori",0,0,0,1
"1234","statutorili",0,0,0,1
"1235","stolen",0,1,0,0
"1236","stop",0,1,0,0
"1237","stoppag",0,1,0,0
"1238","strain",0,1,0,0
"1239","strength",1,0,0,0
"1240","strengthen",1,0,0,0
"1241","stress",0,1,0,0
"1242","stringent",0,1,0,0
"1243","strong",1,0,0,0
"1244","stronger",1,0,0,0
"1245","strongest",1,0,0,0
"1246","su",0,1,0,1
"1247","subclaus",0,0,0,1
"1248","subdocket",0,0,0,1
"1249","subject",0,1,0,0
"1250","sublease",0,0,0,1
"1251","subleasehold",0,0,0,1
"1252","sublessor",0,0,0,1
"1253","sublicense",0,0,0,1
"1254","sublicensor",0,0,0,1
"1255","subparagraph",0,0,0,1
"1256","subpoena",0,1,0,1
"1257","subrog",0,0,0,1
"1258","substandard",0,1,0,0
"1259","subtrust",0,0,0,1
"1260","succe",1,0,0,0
"1261","succeed",1,0,0,0
"1262","success",1,0,0,0
"1263","successfulli",1,0,0,0
"1264","sudden",0,0,1,0
"1265","suddenli",0,0,1,0
"1266","sue",0,1,0,1
"1267","suffer",0,1,0,0
"1268","suggest",0,0,1,0
"1269","summon",0,1,0,1
"1270","summons",0,1,0,1
"1271","superior",1,0,0,0
"1272","supersed",0,0,0,1
"1273","supersedea",0,0,0,1
"1274","sureti",0,0,0,1
"1275","surpass",1,0,0,0
"1276","suscept",0,1,1,0
"1277","suspect",0,1,0,0
"1278","suspend",0,1,0,0
"1279","suspens",0,1,0,0
"1280","suspici",0,1,0,0
"1281","suspicion",0,1,0,0
"1282","taint",0,1,0,0
"1283","tamper",0,1,0,0
"1284","tenant",0,0,0,1
"1285","tend",0,0,1,0
"1286","tens",0,1,0,0
"1287","tent",0,0,1,0
"1288","termin",0,1,0,1
"1289","terminu",0,0,0,1
"1290","testamentari",0,0,0,1
"1291","testifi",0,1,0,1
"1292","testimoni",0,0,0,1
"1293","thenc",0,0,0,1
"1294","thenceforth",0,0,0,1
"1295","thenceforward",0,0,0,1
"1296","thereaft",0,0,0,1
"1297","thereat",0,0,0,1
"1298","therefrom",0,0,0,1
"1299","therein",0,0,0,1
"1300","thereinaft",0,0,0,1
"1301","thereof",0,0,0,1
"1302","thereon",0,0,0,1
"1303","thereov",0,0,0,1
"1304","thereto",0,0,0,1
"1305","theretofor",0,0,0,1
"1306","thereund",0,0,0,1
"1307","thereunto",0,0,0,1
"1308","thereupon",0,0,0,1
"1309","therewith",0,0,0,1
"1310","threat",0,1,0,0
"1311","threaten",0,1,0,0
"1312","tighten",0,1,0,0
"1313","toler",0,1,0,0
"1314","tort",0,0,0,1
"1315","tortiou",0,0,0,1
"1316","tortious",0,0,0,1
"1317","tortuou",0,1,0,0
"1318","tortuous",0,1,0,0
"1319","tragedi",0,1,0,0
"1320","tragic",0,1,0,0
"1321","transferor",0,0,0,1
"1322","transpar",1,0,0,0
"1323","traumat",0,1,0,0
"1324","tremend",1,0,0,0
"1325","troubl",0,1,0,0
"1326","turbul",0,1,1,0
"1327","turmoil",0,1,0,0
"1328","unabl",0,1,0,0
"1329","unaccept",0,1,0,0
"1330","unaccount",0,1,0,0
"1331","unannounc",0,1,0,0
"1332","unanticip",0,1,0,0
"1333","unapp",0,0,0,1
"1334","unappeal",0,0,0,1
"1335","unapprov",0,1,0,0
"1336","unattract",0,1,0,0
"1337","unauthor",0,1,0,0
"1338","unavail",0,1,0,0
"1339","unavoid",0,1,0,0
"1340","unawar",0,1,0,0
"1341","uncertain",0,0,1,0
"1342","uncertainli",0,0,1,0
"1343","uncertainti",0,0,1,0
"1344","unclear",0,0,1,0
"1345","uncollect",0,1,0,0
"1346","uncompetit",0,1,0,0
"1347","uncomplet",0,1,0,0
"1348","unconfirm",0,0,1,0
"1349","unconscion",0,1,0,0
"1350","unconstitut",0,0,0,1
"1351","unconstitution",0,0,0,1
"1352","uncontract",0,0,0,1
"1353","uncontrol",0,1,0,0
"1354","uncorrect",0,1,0,0
"1355","uncov",0,1,0,0
"1356","undecid",0,0,1,0
"1357","undefeas",0,0,0,1
"1358","undefin",0,0,1,0
"1359","undeliv",0,1,0,0
"1360","undeliver",0,1,0,0
"1361","undercapit",0,1,0,0
"1362","undercut",0,1,0,0
"1363","underestim",0,1,0,0
"1364","underfund",0,1,0,0
"1365","underinsur",0,1,0,0
"1366","undermin",0,1,0,0
"1367","underpai",0,1,0,0
"1368","underpaid",0,1,0,0
"1369","underpay",0,1,0,0
"1370","underperform",0,1,0,0
"1371","underproduc",0,1,0,0
"1372","underproduct",0,1,0,0
"1373","underreport",0,1,0,0
"1374","underst",0,1,0,0
"1375","understat",0,1,0,0
"1376","underutil",0,1,0,0
"1377","undesign",0,0,1,0
"1378","undesir",0,1,0,0
"1379","undetect",0,1,1,0
"1380","undetermin",0,1,1,0
"1381","undischarg",0,0,0,1
"1382","undisclos",0,1,0,0
"1383","undocu",0,1,1,0
"1384","undu",0,1,0,0
"1385","unduli",0,1,0,0
"1386","uneconom",0,1,0,0
"1387","unemploi",0,1,0,0
"1388","unemploy",0,1,0,0
"1389","unencumb",0,0,0,1
"1390","unenforc",0,0,0,1
"1391","uneth",0,1,0,0
"1392","unexcus",0,1,0,0
"1393","unexpect",0,1,1,0
"1394","unexpectedli",0,1,1,0
"1395","unfair",0,1,0,0
"1396","unfairli",0,1,0,0
"1397","unfamiliar",0,0,1,0
"1398","unfavor",0,1,0,0
"1399","unfavour",0,1,0,0
"1400","unfeas",0,1,0,0
"1401","unfit",0,1,0,0
"1402","unforecast",0,0,1,0
"1403","unforese",0,1,0,0
"1404","unforeseen",0,1,0,0
"1405","unforseen",0,1,1,0
"1406","unfortun",0,1,0,0
"1407","unfound",0,1,0,0
"1408","unfriendli",0,1,0,0
"1409","unfulfil",0,1,0,0
"1410","unfund",0,1,0,0
"1411","unguarante",0,0,1,0
"1412","unhedg",0,0,1,0
"1413","unidentifi",0,0,1,0
"1414","uninsur",0,1,0,0
"1415","unintend",0,1,0,0
"1416","unintent",0,1,0,0
"1417","unintention",0,1,0,0
"1418","unjust",0,1,0,0
"1419","unjustifi",0,1,0,0
"1420","unjustli",0,1,0,0
"1421","unknow",0,1,0,0
"1422","unknowingli",0,1,0,0
"1423","unknown",0,0,1,0
"1424","unlaw",0,1,0,1
"1425","unlawfulli",0,1,0,1
"1426","unlicens",0,1,0,0
"1427","unliquid",0,1,0,0
"1428","unmarket",0,1,0,0
"1429","unmatch",1,0,0,0
"1430","unmerchant",0,1,0,0
"1431","unmeritori",0,1,0,0
"1432","unnecessari",0,1,0,0
"1433","unnecessarili",0,1,0,0
"1434","unneed",0,1,0,0
"1435","unobserv",0,0,1,0
"1436","unobtain",0,1,0,0
"1437","unoccupi",0,1,0,0
"1438","unpaid",0,1,0,0
"1439","unparallel",1,0,0,0
"1440","unperform",0,1,0,0
"1441","unplan",0,1,1,0
"1442","unpopular",0,1,0,0
"1443","unpredict",0,1,1,0
"1444","unproduct",0,1,0,0
"1445","unprofit",0,1,0,0
"1446","unprov",0,0,1,0
"1447","unproven",0,0,1,0
"1448","unqualifi",0,1,0,0
"1449","unquantifi",0,0,1,0
"1450","unrealist",0,1,0,0
"1451","unreason",0,1,0,0
"1452","unrecept",0,1,0,0
"1453","unreconcil",0,0,1,0
"1454","unrecov",0,1,0,0
"1455","unrecover",0,1,0,0
"1456","unreimburs",0,1,0,0
"1457","unreli",0,1,0,0
"1458","unremedi",0,1,0,1
"1459","unreport",0,1,0,0
"1460","unresolv",0,1,0,0
"1461","unrest",0,1,0,0
"1462","unsaf",0,1,0,0
"1463","unsal",0,1,0,0
"1464","unsatisfactori",0,1,0,0
"1465","unsatisfi",0,1,0,0
"1466","unsavori",0,1,0,0
"1467","unschedul",0,1,0,0
"1468","unseason",0,0,1,0
"1469","unsel",0,1,0,0
"1470","unsettl",0,0,1,0
"1471","unsold",0,1,0,0
"1472","unsound",0,1,0,0
"1473","unspecif",0,0,1,0
"1474","unspecifi",0,0,1,0
"1475","unstabil",0,1,0,0
"1476","unstabl",0,1,0,0
"1477","unstai",0,0,0,1
"1478","unsubstanti",0,1,0,0
"1479","unsuccess",0,1,0,0
"1480","unsuccessfulli",0,1,0,0
"1481","unsuit",0,1,0,0
"1482","unsur",0,1,0,0
"1483","unsurpass",1,0,0,0
"1484","unsuspect",0,1,0,0
"1485","unsustain",0,1,0,0
"1486","unten",0,1,0,0
"1487","untest",0,0,1,0
"1488","untim",0,1,0,0
"1489","unto",0,0,0,1
"1490","untrust",0,1,0,0
"1491","untruth",0,1,0,0
"1492","untruthfulli",0,1,0,0
"1493","unus",0,1,0,0
"1494","unusu",0,0,1,0
"1495","unwant",0,1,0,0
"1496","unwarr",0,1,0,0
"1497","unwelcom",0,1,0,0
"1498","unwil",0,1,0,0
"1499","unwilling",0,1,0,0
"1500","unwritten",0,0,1,0
"1501","upset",0,1,0,0
"1502","upturn",1,0,0,0
"1503","urgenc",0,1,0,0
"1504","urgent",0,1,0,0
"1505","usuri",0,1,0,1
"1506","usurp",0,1,0,1
"1507","vagari",0,0,1,0
"1508","vagu",0,0,1,0
"1509","vaguer",0,0,1,0
"1510","vaguest",0,0,1,0
"1511","valuabl",1,0,0,0
"1512","vandal",0,1,0,0
"1513","vari",0,0,1,0
"1514","variabl",0,0,1,0
"1515","varianc",0,0,1,0
"1516","variant",0,0,1,0
"1517","variat",0,0,1,0
"1518","vende",0,0,0,1
"1519","verdict",0,1,0,1
"1520","versatil",1,0,0,0
"1521","veto",0,1,0,0
"1522","viatic",0,0,0,1
"1523","vibranc",1,0,0,0
"1524","vibrant",1,0,0,0
"1525","victim",0,1,0,0
"1526","viol",0,1,0,1
"1527","violat",0,1,0,0
"1528","violenc",0,1,0,0
"1529","violent",0,1,0,0
"1530","vitiat",0,1,0,0
"1531","void",0,1,0,1
"1532","voidabl",0,0,0,1
"1533","volatil",0,1,1,0
"1534","vulner",0,1,0,0
"1535","warn",0,1,0,0
"1536","warrante",0,0,0,1
"1537","warrantor",0,0,0,1
"1538","wast",0,1,0,0
"1539","weak",0,1,0,0
"1540","weaken",0,1,0,0
"1541","weaker",0,1,0,0
"1542","weakest",0,1,0,0
"1543","weakli",0,1,0,0
"1544","whatev",0,0,0,1
"1545","whatsoev",0,0,0,1
"1546","whensoev",0,0,0,1
"1547","wherea",0,0,0,1
"1548","whereabout",0,0,0,1
"1549","whereat",0,0,0,1
"1550","wherebi",0,0,0,1
"1551","wherefor",0,0,0,1
"1552","wherein",0,0,0,1
"1553","whereof",0,0,0,1
"1554","whereon",0,0,0,1
"1555","whereto",0,0,0,1
"1556","whereund",0,0,0,1
"1557","whereupon",0,0,0,1
"1558","wherewith",0,0,0,1
"1559","whistleblow",0,0,0,1
"1560","whomev",0,0,0,1
"1561","whomsoev",0,0,0,1
"1562","whosoev",0,0,0,1
"1563","wil",0,0,0,1
"1564","will",0,0,0,1
"1565","willfulli",0,1,0,1
"1566","win",1,0,0,0
"1567","winner",1,0,0,0
"1568","wit",0,0,0,1
"1569","worri",0,1,0,0
"1570","wors",0,1,0,0
"1571","worsen",0,1,0,0
"1572","worst",0,1,0,0
"1573","worthi",1,0,0,0
"1574","worthless",0,1,0,0
"1575","writ",0,0,0,1
"1576","writedown",0,1,0,0
"1577","writeoff",0,1,0,0
"1578","wrong",0,1,0,0
"1579","wrongdo",0,1,0,0
"1580","wrongfulli",0,1,0,0
"1581","wrongli",0,1,0,0
